No.,Non Profit,Address,CD #,Lease Start,Lease Exp.,Lease Term,Dept,Status,Condition per Construction Div Project Scope,Street Number,Street Name,Zip Code,Latitude,Longitude
65,African Americans Firefighter's Museum,"1409 W. Vernon, L.A. 90062",8,8/1/1980,7/31/1981,,GSD,,"Tenant Improvements, ADA Compliance, Seismic Retrofit,  Historic Restrofit",1409,Vernon,90062,34.003745,-118.3004949
1,Aliso Pico Center,"1505 E. 1st., L.A. 90033",14,1/1/1982,12/31/1984,,EWDD,,"Tenant Improvements, ADA Compliance, Seismic Retrofit, Historic Restoration",1505,1,90033,34.0476005,-118.2238186
20,Hoover Intergenerational Child Care Proj.,"3216 S. Hoover St., L.A. 90007",8,,1/12/1985,,HCID,,No recent inspection,3216,Hoover,90007,34.0264177,-118.2839155
99,Watts Chamber of Commerce,"1513 E. 103rd St., L.A.",15,,6/30/1986,,GSD,,No recent inspection,1513,103,90002,33.9489174,-118.2471313
24,L.A.Child Care&Dev. Council/Jardin de Ninos,"2418-2422 Manitou Ave., L.A. 90031",1,,3/31/1987,,HCID,,"Tenant Improvements, ADA Compliance",2418,Manitou,90031,34.0717974,-118.2166732
34,Seinan Senior Citizens' Club,"3116 W. Jefferson Blvd., L.A. 90018",8,,5/17/1987,,HCID,,"Tenant Improvements, ADA Compliance",3116,Jefferson,90018,34.0255554,-118.3296257
2,Arroyo Vista Family Health Foundation,"6000 N. Figueroa St., L.A.90042",14,6/21/1981,6/30/1987,,HCID,,No recent inspection,6000,Figueroa,90042,34.1112442,-118.1885834
95,Low Income&Elderly United Comm. Assistance,"641 Westminster., Venice, 90291",11,,12/31/1987,,HCID?,,No recent inspection,641,Westminster,90291,33.9947777,-118.4665833
40,Watts Labor Community Action Committee,"1212 E. 108th St., L.A. 90059",15,2/22/1990,2/21/1990,,GSD,,No recent inspection,1212,108,90059,33.9377566,-118.2535931
12,"Early Learning Center, Inc.","233 N. Breed St., L.A. 90033",14,,3/31/1990,,CDD/GSD,,"Tenant Improvements, ADA Compliance",233,Breed,90033,34.0423353,-118.2123354
15,Echo Park-Silverlake People's Child Care,"1953 Lake Shore Ave., L.A. 90039",13,7/1/1985,12/31/1990,,HCID,,"Tenant Improvements, ADA Compliance, Retaining Wall",1953,Lake Shore,90039,34.0893784,-118.255249
66,Canoga Park Chamber of Commerce,"7248-50 Owensmouth Ave., Canoga Park, 91303",3,1/1/1985,6/30/1991,,GSD,,"Tenant Improvements, ADA Compliance",7248,Owensmouth,91303,34.2020682,-118.6015099
92,Canoga Park Chamber of Commerce&Care Cen.,"72-7248 Owensmouth Ave., Canoga Park, 91303",3,1/1/1985,6/30/1991,,GSD,,No recent inspection,72,Owensmouth,91303,34.2046509,-118.6015778
6,"Childhelp, Inc.","1345 El Centro Ave., Hollywood 90028",13,3/7/1989,3/6/1992,,HCID,,No recent inspection,1345,El Centro,90028,34.095545,-118.3240179
28,Mini Twelve Step House,"11143 Missouri Ave., L.A. 90005",5,,6/30/1992,,HCID,,Tenant Improvements,11143,Missouri,90005,34.0443282,-118.4420029
16,Estelle Van Meter Multi-Purpose Center,"606 E. 76th., L.A. 90001",9,,9/8/1992,,HCID,,Tenant Improvements,606,76,90001,33.9708328,-118.2648392
25,L.A.Child Care&Dev. Council/Placita de Ninos,"2661 Pasadena Ave., L.A. 90031",1,,3/30/1993,,HCID,,"Tenant Improvements, ADA Compliance",2661,Pasadena,90031,34.0782977,-118.215196
93,Stentorians & Gwen Bolden Youth Center,"4304 Degnan Blvd., L.A.",8,,12/31/1993,,GSD,,"Tenant Improvements, ADA Compliance",4304,Degnan,90008,34.00576,-118.3313752
32,People's Coordinated Services of So. Cal.,"5133 Crenshaw Blvd., L.A. 90043",8,1/8/1992,12/12/1994,,HCID,,"Tenant Improvements, ADA Compliance",5133,Crenshaw,90043,33.9957657,-118.3313446
39,Wilmington Senior Citizens' Multipurpose Cen.,"1148 N. Avalon Blvd., Wilmington 90744",15,7/1/1987,12/31/1994,,GSD,,Tenant Improvements,1148,Avalon,90744,33.7857257,-118.2628347
17,Foundation for Early Childhood Education,"707 E. Kensington Blvd., L.A. 90026",1,7/1/1989,12/31/1994,,HCID,ground lease,Tenant Improvements,707,Kensington,90026,34.0683556,-118.2520218
13,E. Los Angeles Retarded Citizen's Assoc.,"3839 Selig Place., L.A. 90031",1,10/25/1991,12/31/1994,,HCID,,HVAC Replacement,3839,Selig,90031,34.0687408,-118.1996689
26,"Los Angeles Conservation Corps, Inc.","1839 S. Hoover St., L.A. 90015",1,,12/31/1994,,GSD,,No recent inspection,1839,Hoover,90015,34.0406898,-118.2841844
5,"Career Planning Center, Inc.","1623 La Cienega Blvd., L.A. 90035",5,,9/12/1999,,HCID?,,"Tenant Improvements, ADA Compliance",1623,La Cienega,90035,34.0484346,-118.3762144
69,L. A Police Revolver & Athletic Club,"1880 N. Academy Dr., L.A.",1,8/22/1935,8/31/2000,,GSD,,ADA Compliance,1880,Academy,90012,34.083522,-118.2427087
22,Kulick Building,"1501 E. 103rd St., L.A. 90002",15,,12/31/2000,,GSD,,No recent inspection,1501,103,90002,33.943572,-118.247962
53,African Firefighter's in Benevolent Assoc.,"5730 S. Crenshaw Blvd., L.A. 90043",8,5/1/1993,4/20/2001,Mo to Mo,GSD,,"Tenant Improvements, ADA Compliance, Seismic Retrofit,  Historic Restrofit",5730,Crenshaw,90043,33.9902414,-118.3305491
50,Fraternal Order of Eagles,"1956 Yosemite Dr., L.A. 90041",14,,12/5/2001,,Cultural Affairs,,No recent inspection,1956,Yosemite,90041,34.1341406,-118.2103673
7,"The Children's Collective, Inc.","3817 S. San Pedro St., L.A. 90007",9,1/19/1989,3/31/2002,Exten. Amend. In Process,HCID,,Tenant Improvements,3817,San Pedro,90007,34.0115814,-118.2680511
57,Hollywood Beautification Team,"1718 N. Cherokee Ave. Space D, L.A. 90028",13,4/1/1999,3/31/2002,,GSD,,Tenant Improvements,1718,Cherokee,90028,34.1019561,-118.3346931
68,Strategic Concepts of Organizing & Policy Educ.,"1715 W. Florence Ave., L.A.",8,2/22/2001,3/31/2002,,GSD,,"Tenant Improvements, ADA Compliance, Seismic Retrofit",1715,Florence,90047,33.9746149,-118.3073453
42,Robert Pitts Center,"1827 E. 103rd St., L.A. 90002",15,lease in process,9/30/2002,,HCID,,No recent inspection,1827,103,90002,33.9489174,-118.2471313
3,Boys and Girls Club-San Fernando,"11243 Glenoaks Blvd., Pacoima 91331",7,,10/5/2002,,HCID,,"Tenant Improvements, ADA Compliance, Seismic Retrofit",11243,Glenoaks,91331,34.2740517,-118.4129257
101,Chatsworth Chamber of Commerce&Trans. Mus,"10040 Old Depot Plaza Rd., Chatsworth, 91311",12,,5/1/2003,Renewal In Process,GSD,,Tenant Improvements for CD12,10040,Depot Plaza,91311,34.2527224,-118.5989343
47,McGroarty Arts Center,"7570 McGroarty Terrace.,Tujunga 91042",2,,12/31/2003,,Cultural Affairs,,"Tenant Improvements Code Corrections, ADA Compliance",7570,McGroarty,91042,34.2511936,-118.2976987
48,William Reagh L.A. Photography Center,"2332 West 4th St., L.A. 90057",1,,12/31/2003,,Cutural Affairs,,"Tenant Improvements, ADA Compliance, Seismic Retrofit",2332,4,90057,34.0635234,-118.2756992
49,Lankershim Arts Center,"5108 Lankershim Blvd., N. Hollywood 91602",4,,12/31/2003,,Cultural Affairs,,No recent inspection,5108,Lankershim,91602,34.163249,-118.373291
44,Art in the Park,"5568 Via Marisol, L.A. 90042",14,,6/30/2004,,Cultural Affairs,,"Tenant Improvements, ADA Compliance",5568,Marisol,90042,34.1151276,-118.1919479
45,Encino Media Center,"16593 Ventura Blvd., Encino 91316",5,,6/30/2004,,Cultural Affairs,,"Tenant Improvements, ADA Compliance, Seismic Retrofit",16593,Ventura,91316,34.1594887,-118.5021896
46,Eagle Rock Community Cultural Center,"2225 Colorado Blvd., L.A. 90041",14,,6/30/2004,,Cultural Affairs,,Replace Flooring,2225,Colorado,90041,34.1395798,-118.2148972
51,Las Aztecas,"3514 N. Broadway, L.A. 90031",1,,6/30/2005,,Cultural Affairs,,No recent inspection,3514,Broadway,90031,34.0737701,-118.2035324
90,Arnold's All Stars,"6501 Fountain Ave., L.A 90038",4,,6/30/2005,,GSD,,"Tenant Improvements, ADA Compliance, Seismic Retrofit,  Historic Restrofit",6501,Fountain,90038,34.0943749,-118.3306859
83,Wilmington Historical Society,"309 W. Opp St., Wilmington, 90744",15,,9/19/2005,,GSD,,No recent inspection,309,Opp,90744,33.7831246,-118.2594021
56,L.A. Center for Education Research,"1718 N. Cherokee Ave. Space A, L.A. 90028",13,7/15/1995,10/31/2005,,GSD?,,Tenant Improvements,1718,Cherokee,90028,34.1019561,-118.3346931
82,Harbor Area Gang Alternative Program,"309 W. Opp St., Wilmington, 90744",15,,11/20/2005,,HCID,,No recent inspection,309,Opp,90744,33.7831246,-118.2594021
58,Greater Little Tokyo Anti-Crime Assoc.,"307 E. 1st St., L.A. 90012",9,3/20/1996,3/19/2006,,GSD,,"Tenant Improvements, ADA Compliance, Seismic Retrofit,  Historic Restrofit",307,1,90012,34.0502518,-118.2406387
29,Mount Washington Preschool & Child Care Cen.,"4601 N. Figueroa St., L.A. 90042",14,12/13/2001,12/12/2006,,HCID,,No recent inspection,4601,Figueroa,90042,34.098484,-118.205604
75,Odyssey Theatre Ensemble,"2055 Sepulveda Blvd., L.A.",5,,8/31/2008,,GSD,,No recent inspection,2055,Sepulveda,90025,34.0422146,-118.4397029
18,Harbor Comm. Dev./544 Hilltop Nursery,"3625 Marathon St., L.A. 90026",13,,5/1/2009,,Rec&Parks,,No recent inspection,3625,Marathon,90026,34.0835562,-118.2821399
100,Boys and Girls Club of the South Bay,"802 W. Gardena Blvd., L.A. 90247",15,7/1/2004,6/30/2009,,GSD,,No recent inspection,802,Gardena,90247,33.8813705,-118.2893677
52,Hollywood Police Support Association,"6614-6618 Fountain Ave., L.A. 90038",4,8/3/1999,8/4/2009,,GSD,ground lease,community garden,6614,Fountain,90038,34.0943353,-118.3337148
72,Foundation for Early Childhood Educ.,"5636 Fountain Ave., L.A. 90038",13,8/5/1999,8/4/2009,,HCID,ground lease,non-City trailers,5636,Fountain,90038,34.0947141,-118.3121914
103,"Ebony Repertory Theater, Inc.",4718 W. Washington Blvd.,10,2/1/2008,1/31/2010,,GSD,,,4718,Washington,90016,34.0395279,-118.342186
54,Central City Action Committee,"534 E. Edgeware Rd., L.A. 90026",1,7/18/2000,7/17/2010,,GSD,,"Tenant Improvements, ADA Compliance, Seismic Retrofit,  Historic Restrofit",534,Edgeware,90026,34.0705109,-118.256958
102,L.A. Co. Metropolitan Trans. Authority,"2100 1st. St., Sylmar",7,6/18/1996,6/17/2011,ground lease,GSD,,No recent inspection,2100,1,91342,34.2914549,-118.4498073
73,Foundation for Early Childhood Educ.,"5637 LaMirada Ave., L.A.90038",13,2/20/2002,6/30/2011,,HCID,ground lease,non-City trailers,5637,Mirada,90038,34.0938029,-118.311948
108,College Track,2130 East 1st Street,14,6/3/2013,5/31/2013,10 yrs,GSD,,Good Condition,2130,First,90033,34.0444623,-118.2128953
33,"Plaza de la Raza, Inc.","3540 N. Mission Rd., L.A. 90031",1,,12/31/2015,,HCID,,Tenant Improvements,3540,Mission,90031,34.0673295,-118.2033185
55,El Centro Del Pueblo,"1146-1152 Glendale Blvd., L.A. 90026",13,4/12/2002,4/11/2017,,HCID,ground lease,No recent inspection,1146,Glendale,90026,34.0771537,-118.260874
107,Dignity Health / Northridge Hospital,"14651 Oxnard Street, LA 91411",7,7/1/2013,6/30/2018,5 yrs,GSD,,Tenant improves and maintains,14651,Oxnard,91411,34.1794297,-118.4520344
67,Los Angeles Conservation Corps,"2824 S. Main St., L.A.",9,10/13/2000,10/30/2020,,GSD,,No recent inspection,2824,Main,90011,34.0229061,-118.2698782
43,"Los Angeles Conservation Corps, Inc.","2824 S. Main St., L.A. 90011",9,10/13/2000,11/30/2020,,GSD,,No recent inspection,2824,Main,90011,34.0229061,-118.2698782
94,Venice Community Housing,"650 Westminster Ave., Venice 90291",11,,1/31/2022,,HCID?,,No recent inspection,650,Westminster,90291,33.9946463,-118.4662246
78,Skid Row Development Center,"434 S. San Pedro St., L.A. 90013",9,7/1/1982,6/30/2022,,GSD,,No recent inspection,434,San Pedro,90013,43.557961,-6.205545
19,"Hollenbeck Police Business Council, Inc.","2015 E. 1st St., L.A. 90033",14,12/18/1974,12/17/2024,,GSD,,No recent inspection,2015,1,90033,34.0453662,-118.2146776
105,Latino Theater Company & Latino Museum,"514 S. Los Angeles St., Los Angeles 90012",9,1/4/2006,1/3/2026,,GSD,,,514,Los Angeles,90012,34.0662193,-118.2387161
21,"Kedren Community Health Center, Inc.","710 E. 111th Place., L.A. 90059",15,,10/9/2027,,HCID,,No recent inspection,710,111,90059,33.9336991,-118.259787
23,"LAMP, Inc.","526 S.San Pedro St/527 S.Crocker St., L.A. 90012",9,,12/31/2029,,HCID,,"Tenant Improvements, ADA Compliance",526,San Pedro,90012,33.7332993,-118.3000031
70,L. A Police Historical Museum,"6045 York Blvd., L.A. 90042",14,12/20/2000,12/19/2030,,GSD,,"Tenant Improvements, ADA Compliance, Seismic Retrofit,  Historic Restrofit",6045,York,90042,34.1178448,-118.1876745
59,Beyond Baroque Foundation,"681 N. Venice Blvd., Venice 90291",9,4/13/1998,2/28/2033,,GSD,,No recent inspection,681,Venice,90291,33.990799,-118.4589996
60,L.A. Theatre Works,"681 N. Venice Blvd., Venice 90291",9,4/13/1998,2/28/2033,,GSD,,No recent inspection,681,Venice,90291,33.990799,-118.4589996
71,L.A Fire Dept. Historical Society,"1355 N. Caheunga Blvd., L.A.",13,3/27/2003,4/30/2033,,GSD,,"Tenant Improvements, ADA Compliance, Seismic Retrofit,  Historic Restrofit",1355,Caheunga,90028,34.0959942,-118.3294447
106,Little Tokyo Service Center,"245-249 Los Angeles Street, 90012",9,6/1/2011,5/1/2036,,Aging,,Trying to build a new gymnasium,245,Los Angeles,90012,33.8025589,-118.3023529
63,Culver City Redevelopment Agency,"9015 Venice Blvd., Venice 90232",10,6/8/1987,6/7/2037,,Rec&Parks?,,No recent inspection,9015,Venice,90232,34.01717,-118.4095764
64,"Barrio Action Group, Inc.","4927 N. Huntington Dr., L.A. 90032",14,1/15/2008,1/14/2038,,GSD,,No recent inspection,4927,Huntington,90032,34.0871584,-118.1762416
96,Crescenta-YMCA,"6840 Foothill Blvd., Tujunga",2,1/23/1988,1/30/2038,,GSD,,No recent inspection,6840,Foothill,91042,34.2471504,-118.280983
62,Museum of Contemporary Art,"134-152 N. Central Ave., L.A. 90012",9,6/21/2001,2/28/2046,,GSD,,Tenant Improvements,134,Central,90012,34.0495732,-118.2389838
76,Japanese American National Museum,"355-369 E. 1st St., L.A. 90012",9,10/1/2002,3/30/2052,,GSD,,No recent inspection,355,1,90012,34.0495424,-118.2396242
61,Social and Public Art Resources Center,"685 N. Venice Blvd., Venice 90291",9,6/1/1998,5/31/2053,,GSD,,No recent inspection,685,Venice,90291,33.990799,-118.4589996
10,"Delta Sigma Theta Life Development, Inc.","2528 West Blvd., L.A. 90037",11,4/10/1992,,Mo to Mo,Aging,,"Tenant Improvements, ADA Compliance",2528,West,90037,34.0332336,-118.3408279
4,Bradley/Milken Youth & Family Center,"1773 E. Century Blvd., L.A. 90002",15,,,,HCID,,Tenant Improvements,1773,Century,90002,33.9458694,-118.2410736
8,Community Coalition/Sub. Abuse Prev.,"8101-8113 S. Vermont Ave., L.A. 90044",8,lease in process,,,GSD,,New water service,8101,Vermont,90044,33.9652176,-118.2921524
14,Los Angeles Community Garden Council,"5863 S. Wall St., L.A. 90011",9,lease in process,,,HCID,,No recent inspection,5863,Wall,90011,34.0272217,-118.2616119
41,Central City Neighb. Org. & Youth Fair Chance,"501 S. Bixel, L.A. 90017",1,lease in process,,,HCID,,"Tenant Improvements, ADA Compliance",501,Bixel,90017,34.0548515,-118.2620468
74,Foundation for Early Childhood Educ.,"8835 Avalon Blvd., L.A.",9,Lease in process,,,HCID,ground lease,non-City trailers,8835,Avalon,90003,33.9568164,-118.2651897
77,Neighborhood Youth Association,"804 Broadway, Venice 90291",11,Lease in process,,,GSD,,No recent inspection,804,Broadway,90291,33.9969644,-118.4638582
81,Wilmington Historical Society,"309 W. Opp St., Wilmington, 90744",15,Lease in process,,,GSD,,"Tenant Improvements, ADA Compliance, Seismic Retrofit,  Historic Restrofit",309,Opp,90744,33.7831246,-118.2594021
84,Wilmington Chamber of Commerce,"544 N. Avalon Blvd., Wilmington 90744",15,Lease in process,,,GSD,,"Tenant Improvement, ADA Compliance, Seismic Retrofit",544,Avalon,90744,33.7763071,-118.2621051
85,Robert F. Kennedy Institute,"544 N. Avalon Blvd., Wilmington 90744",15,Lease in process,,,GSD?,,"Tenant Improvement, ADA Compliance, Seismic Retrofit",544,Avalon,90744,33.7763071,-118.2621051
86,Wilmington Healthy Start,"544 N. Avalon Blvd., Wilmington 90744",15,Lease in process,,,GSD?,,"Tenant Improvement, ADA Compliance, Seismic Retrofit",544,Avalon,90744,33.7763071,-118.2621051
87,Good Samaritan Counseling,"544 N. Avalon Blvd., Wilmington 90744",15,Lease in process,,,GSD?,,"Tenant Improvement, ADA Compliance, Seismic Retrofit",544,Avalon,90744,33.7763071,-118.2621051
88,San Pedro Bay Historical Society,"638 S. Beacon St., San Pedro, 90731",15,Lease in process,,,GSD?,,"Tenant Improvements, ADA Compliance, Seismic Retrofit,  Historic Restrofit",638,Beacon,90731,33.7381661,-118.2803663
89,Harbor Area Volunteer Center,"638 S. Beacon St., San Pedro, 90731",15,Lease in process,,,GSD?,,"Tenant Improvements, ADA Compliance, Seismic Retrofit,  Historic Restrofit",638,Beacon,90731,33.7381661,-118.2803663
104,Tujunga Temporary Aid Center,"7747 Foohill Blvd., Tujunga 91402",2,Lease in process,,,GSD,,No recent inspection,7747,Foothill,91402,34.2582817,-118.3009796
91,Project Restore,"200 N. Main St., L.A 90012",9,No Lease Agree.,,,GSD,,"Tenant Improvements, ADA Compliance, Seismic Retrofit,  Historic Restrofit",200,Main,90012,34.0530586,-118.2418976
9,Cypress Park Youth & Family Center,"929 Cypress Ave., L.A. 90065",1,,,,HCID,,"Tenant Improvements, ADA Compliance, Seismic Retrofit,  Historic Restrofit",929,Cypress,90065,34.0928286,-118.2249264
11,"Delta Sigma Theta Life Development, Inc.","2475 Washington Blvd., L.A. 90019",10,,,Mo to Mo,Aging,,"Tenant Improvements, ADA Compliance",2475,Washington,90019,34.0399421,-118.3170951
27,Milestone Center for Education Therapy,"5070 Slauson Ave., L.A. 90230",11,,,,Rec&Parks,,No recent inspection,5070,Slauson,90230,33.9937042,-118.4070262
30,"O.P.I.C.A. Adult Day Care Center, Inc","11759 Missouri Ave., L.A. 90025",11,,,,Aging,,No recent inspection,11759,Missouri,90025,34.0378091,-118.4529537
31,Pacoima Youth and Family Center,"11243 Glenoaks Blvd St. 30., Pacoima 91331",7,,,,HCID,CDDw/non prof ten,Tenant Improvements,11243,Glenoaks,91331,34.2740517,-118.4129257
35,S. Central Youth Opportunities Unlimited,"917-927 W. Manchester Blvd., L.A. 90044",8,,,,HCID,Run by CDD,No recent inspection,917,Manchester,90044,42.991169,-71.463089
36,Tom Bradley W. L.A Youth & Fam. Cen.,"5213 W. Pico Blvd., L.A. 90031",10,,,,HCID,Run by CDD,New Building,5213,Pico,90031,34.0482341,-118.3519048
37,University Muslim Medical Association,"711 W. Florence Ave., L.A. 90044",8,,,Mo to Mo,GSD,,"Tenant Improvements, ADA Compliance, Major Remodle",711,Florence,90044,34.8004494,-87.6752625
38,Vera Davis McClendon Youth & Fam. Cen.,"610 California St., Venice 90291",11,,,,HCID,Run By CDD,"Tenant Improvements, ADA Compliance, Seismic Retrofit,  Historic Restrofit",610,California,90291,33.991431,-118.4654555
79,Historical Society of Southern California,"200 E. Avenue 43, L.A.",9,,,,GSD,,,200,43,90031,34.0046999,-118.2718932
80,Organization for Needs of the Elderly,"17400 Victory Blvd., Encino",3,,,,Rec&Parks,,Water Meter Seperation,17400,Victory,91406,34.1865563,-118.5120562
97,Barnarde Senior Citizen Center,"4935 Balboa Blvd., Encino, 91316",5,,,,Rec&Parks,,No recent inspection,4935,Balboa,91316,34.160274,-118.5011443
98,Canoga Park Senior Citizen Center,"7326 Jordan Ave., Canoga Park, 91303",3,,,,Rec&Parks,,No recent inspection,7326,Jordan,91303,34.2036476,-118.6025162
 , Council Approved - In Process, ,,,,,,,,,,,,
109,Armenian Cultural Center,"5001 N Balboa Blvd, Encino",5,,,,GSD,,On hold due to zoning concerns,,,,34.6512413,-105.4674377
110,Pacoima Beautiful,"13520 Van Nuys Blvd, Pacoima",7,,,,GSD,,Sub lease agreement at City Attorney,,,,34.2620813,-118.427531
,Non Profit Vacated Facility,,,,,,,,,,,,,
111,Coalition for Responsible Community,4225 S. Olive St-Juniperro Serra Library,9,,,,GSD,,,,,,34.0067139,-118.2797623
112,LA Conservation Corps ,"729 W. Manchester Ave, LA 90044",8,,,,GSD,,,,,,33.9600954,-118.2861035
